6.545979976654052734e-01,1.521884560585021973e+00,1.500332355499267578e+00,2.379898548126220703e+00,0.000000000000000000e+00,0.000000000000000000e+00,7.824011445045471191e-01,5.161883234977722168e-01,0.000000000000000000e+00,0.000000000000000000e+00,8.351218700408935547e-01,0.000000000000000000e+00
9.024689197540283203e-01,1.606348633766174316e+00,1.177093267440795898e+00,2.394155502319335938e+00,0.000000000000000000e+00,0.000000000000000000e+00,7.686625123023986816e-01,5.837608575820922852e-01,0.000000000000000000e+00,0.000000000000000000e+00,7.719328403472900391e-01,0.000000000000000000e+00
1.146538853645324707e+00,9.409306049346923828e-01,1.438076972961425781e+00,1.413412809371948242e+00,0.000000000000000000e+00,0.000000000000000000e+00,1.155292272567749023e+00,8.034743070602416992e-01,0.000000000000000000e+00,0.000000000000000000e+00,9.376882314682006836e-01,0.000000000000000000e+00
1.019050359725952148e+00,1.103328824043273926e+00,1.543280601501464844e+00,1.621000766754150391e+00,0.000000000000000000e+00,0.000000000000000000e+00,1.050256371498107910e+00,7.241225242614746094e-01,0.000000000000000000e+00,0.000000000000000000e+00,8.709169626235961914e-01,0.000000000000000000e+00
9.007294774055480957e-01,1.250548720359802246e+00,1.456725358963012695e+00,1.910569906234741211e+00,0.000000000000000000e+00,0.000000000000000000e+00,9.723426103591918945e-01,6.989831328392028809e-01,0.000000000000000000e+00,0.000000000000000000e+00,9.067945480346679688e-01,0.000000000000000000e+00
8.845416307449340820e-01,1.284675478935241699e+00,1.450922966003417969e+00,1.958566427230834961e+00,0.000000000000000000e+00,0.000000000000000000e+00,9.636916518211364746e-01,6.984397768974304199e-01,0.000000000000000000e+00,0.000000000000000000e+00,9.059706926345825195e-01,0.000000000000000000e+00
8.884411454200744629e-01,1.285861849784851074e+00,1.428528070449829102e+00,1.941337823867797852e+00,0.000000000000000000e+00,0.000000000000000000e+00,9.894776344299316406e-01,7.197414040565490723e-01,0.000000000000000000e+00,0.000000000000000000e+00,9.137144088745117188e-01,0.000000000000000000e+00
9.040881991386413574e-01,1.275206208229064941e+00,1.473397970199584961e+00,1.935517311096191406e+00,0.000000000000000000e+00,0.000000000000000000e+00,9.656010866165161133e-01,6.989375352859497070e-01,0.000000000000000000e+00,0.000000000000000000e+00,9.157437086105346680e-01,0.000000000000000000e+00
8.894941806793212891e-01,1.235891699790954590e+00,1.416033506393432617e+00,1.915565013885498047e+00,0.000000000000000000e+00,0.000000000000000000e+00,9.807798862457275391e-01,7.092925906181335449e-01,0.000000000000000000e+00,0.000000000000000000e+00,9.199970960617065430e-01,0.000000000000000000e+00
9.656360149383544922e-01,1.183223485946655273e+00,1.307616353034973145e+00,1.809280395507812500e+00,0.000000000000000000e+00,0.000000000000000000e+00,9.956721067428588867e-01,7.021841406822204590e-01,0.000000000000000000e+00,0.000000000000000000e+00,9.555510282516479492e-01,0.000000000000000000e+00
9.891905188560485840e-01,1.459961056709289551e+00,1.797447204589843750e+00,1.974958181381225586e+00,0.000000000000000000e+00,0.000000000000000000e+00,9.012606739997863770e-01,5.192093849182128906e-01,0.000000000000000000e+00,0.000000000000000000e+00,7.372446060180664062e-01,0.000000000000000000e+00
6.494734883308410645e-01,1.530472874641418457e+00,1.436046123504638672e+00,2.324060916900634766e+00,0.000000000000000000e+00,0.000000000000000000e+00,7.386128902435302734e-01,5.627305507659912109e-01,0.000000000000000000e+00,0.000000000000000000e+00,8.065865039825439453e-01,0.000000000000000000e+00
5.686295628547668457e-01,1.532409310340881348e+00,1.807683229446411133e+00,2.571744203567504883e+00,0.000000000000000000e+00,0.000000000000000000e+00,8.620182871818542480e-01,7.811339497566223145e-01,0.000000000000000000e+00,0.000000000000000000e+00,6.481053829193115234e-01,0.000000000000000000e+00
3.120507895946502686e-01,1.024502992630004883e+00,7.724232077598571777e-01,2.424324274063110352e+00,0.000000000000000000e+00,0.000000000000000000e+00,5.972471237182617188e-01,7.363387942314147949e-01,0.000000000000000000e+00,0.000000000000000000e+00,1.016328215599060059e+00,0.000000000000000000e+00
9.204867482185363770e-01,1.173896074295043945e+00,1.457199573516845703e+00,1.768139839172363281e+00,0.000000000000000000e+00,0.000000000000000000e+00,1.019887924194335938e+00,7.024041414260864258e-01,0.000000000000000000e+00,0.000000000000000000e+00,9.246040582656860352e-01,0.000000000000000000e+00
1.349427700042724609e+00,1.247291922569274902e+00,1.222704887390136719e+00,1.723031520843505859e+00,0.000000000000000000e+00,0.000000000000000000e+00,1.802959561347961426e+00,1.222270250320434570e+00,0.000000000000000000e+00,0.000000000000000000e+00,1.181219935417175293e+00,0.000000000000000000e+00
7.649924159049987793e-01,1.603530526161193848e+00,1.376547813415527344e+00,2.446942090988159180e+00,0.000000000000000000e+00,0.000000000000000000e+00,7.915757894515991211e-01,7.720376253128051758e-01,0.000000000000000000e+00,0.000000000000000000e+00,7.353770732879638672e-01,0.000000000000000000e+00
9.415758848190307617e-01,1.478471636772155762e+00,1.193881034851074219e+00,2.360287666320800781e+00,0.000000000000000000e+00,0.000000000000000000e+00,6.999875307083129883e-01,5.897508859634399414e-01,0.000000000000000000e+00,0.000000000000000000e+00,8.193373680114746094e-01,0.000000000000000000e+00
1.195092678070068359e+00,9.525314569473266602e-01,1.456539392471313477e+00,1.337110996246337891e+00,0.000000000000000000e+00,0.000000000000000000e+00,1.185858964920043945e+00,8.280808925628662109e-01,0.000000000000000000e+00,0.000000000000000000e+00,9.652755260467529297e-01,0.000000000000000000e+00
1.021124601364135742e+00,1.094266057014465332e+00,1.509876251220703125e+00,1.578634738922119141e+00,0.000000000000000000e+00,0.000000000000000000e+00,1.042672157287597656e+00,7.316951751708984375e-01,0.000000000000000000e+00,0.000000000000000000e+00,8.736547231674194336e-01,0.000000000000000000e+00
9.112864732742309570e-01,1.212669730186462402e+00,1.453930139541625977e+00,1.836832046508789062e+00,0.000000000000000000e+00,0.000000000000000000e+00,9.856430292129516602e-01,7.060168385505676270e-01,0.000000000000000000e+00,0.000000000000000000e+00,9.132010936737060547e-01,0.000000000000000000e+00
8.556389212608337402e-01,1.218756556510925293e+00,1.426298379898071289e+00,1.883738756179809570e+00,0.000000000000000000e+00,0.000000000000000000e+00,9.730714559555053711e-01,6.683218479156494141e-01,0.000000000000000000e+00,0.000000000000000000e+00,8.713970184326171875e-01,0.000000000000000000e+00
6.600775122642517090e-01,1.273312449455261230e+00,1.478609085083007812e+00,1.837525606155395508e+00,0.000000000000000000e+00,0.000000000000000000e+00,7.449222207069396973e-01,4.686664640903472900e-01,0.000000000000000000e+00,0.000000000000000000e+00,9.112478494644165039e-01,0.000000000000000000e+00
3.342710137367248535e-01,1.284355044364929199e+00,1.222074508666992188e+00,1.845580101013183594e+00,0.000000000000000000e+00,0.000000000000000000e+00,5.404357910156250000e-01,2.352811992168426514e-01,0.000000000000000000e+00,0.000000000000000000e+00,6.853334903717041016e-01,0.000000000000000000e+00
5.558618307113647461e-01,1.035105228424072266e+00,1.140230536460876465e+00,1.917708158493041992e+00,0.000000000000000000e+00,0.000000000000000000e+00,9.558680057525634766e-01,6.581999659538269043e-01,0.000000000000000000e+00,0.000000000000000000e+00,6.342105865478515625e-01,0.000000000000000000e+00
1.003691554069519043e+00,1.202607870101928711e+00,1.351701974868774414e+00,1.812312841415405273e+00,0.000000000000000000e+00,0.000000000000000000e+00,1.028298497200012207e+00,7.668241858482360840e-01,0.000000000000000000e+00,0.000000000000000000e+00,9.547535181045532227e-01,0.000000000000000000e+00
9.255387783050537109e-01,1.239612221717834473e+00,1.734164714813232422e+00,1.820333957672119141e+00,0.000000000000000000e+00,0.000000000000000000e+00,9.511480331420898438e-01,6.581069827079772949e-01,0.000000000000000000e+00,0.000000000000000000e+00,7.568031549453735352e-01,0.000000000000000000e+00
7.882531881332397461e-01,1.522814154624938965e+00,1.518000364303588867e+00,2.362499475479125977e+00,0.000000000000000000e+00,0.000000000000000000e+00,8.172106742858886719e-01,6.286903619766235352e-01,0.000000000000000000e+00,0.000000000000000000e+00,8.491990566253662109e-01,0.000000000000000000e+00
8.064717054367065430e-01,1.489939570426940918e+00,1.455570936203002930e+00,2.296887874603271484e+00,0.000000000000000000e+00,0.000000000000000000e+00,9.011186957359313965e-01,6.546468138694763184e-01,0.000000000000000000e+00,0.000000000000000000e+00,8.964227437973022461e-01,0.000000000000000000e+00
9.114251136779785156e-01,2.283555507659912109e+00,1.861430406570434570e+00,2.517958164215087891e+00,0.000000000000000000e+00,0.000000000000000000e+00,6.541436910629272461e-01,7.251411676406860352e-02,0.000000000000000000e+00,0.000000000000000000e+00,8.348890542984008789e-01,0.000000000000000000e+00
9.650311470031738281e-01,1.204098939895629883e+00,8.832222223281860352e-01,1.502339363098144531e+00,0.000000000000000000e+00,0.000000000000000000e+00,1.912776708602905273e+00,1.091065406799316406e+00,0.000000000000000000e+00,0.000000000000000000e+00,9.975200891494750977e-01,0.000000000000000000e+00
1.511040568351745605e+00,3.478190898895263672e-01,1.211869716644287109e+00,4.611080884933471680e-01,0.000000000000000000e+00,0.000000000000000000e+00,1.614517331123352051e+00,1.082430243492126465e+00,0.000000000000000000e+00,0.000000000000000000e+00,1.166123747825622559e+00,0.000000000000000000e+00
8.247676491737365723e-01,1.219869136810302734e+00,1.595504522323608398e+00,2.142829656600952148e+00,0.000000000000000000e+00,0.000000000000000000e+00,1.454105615615844727e+00,8.944748640060424805e-01,0.000000000000000000e+00,0.000000000000000000e+00,1.545593500137329102e+00,0.000000000000000000e+00
9.807730317115783691e-01,1.533053755760192871e+00,1.142063260078430176e+00,2.367745399475097656e+00,0.000000000000000000e+00,0.000000000000000000e+00,7.099567651748657227e-01,5.932257175445556641e-01,0.000000000000000000e+00,0.000000000000000000e+00,7.902483940124511719e-01,0.000000000000000000e+00
1.180423974990844727e+00,8.494741916656494141e-01,1.443334341049194336e+00,1.211782932281494141e+00,0.000000000000000000e+00,0.000000000000000000e+00,1.189344644546508789e+00,8.164188265800476074e-01,0.000000000000000000e+00,0.000000000000000000e+00,9.304023981094360352e-01,0.000000000000000000e+00
1.037288665771484375e+00,1.042949199676513672e+00,1.486382722854614258e+00,1.522590637207031250e+00,0.000000000000000000e+00,0.000000000000000000e+00,1.093756914138793945e+00,7.398022413253784180e-01,0.000000000000000000e+00,0.000000000000000000e+00,8.979793787002563477e-01,0.000000000000000000e+00
1.000186085700988770e+00,1.176835536956787109e+00,1.385469198226928711e+00,1.788661241531372070e+00,0.000000000000000000e+00,0.000000000000000000e+00,1.054266095161437988e+00,8.086518645286560059e-01,0.000000000000000000e+00,0.000000000000000000e+00,8.818583488464355469e-01,0.000000000000000000e+00
9.410802721977233887e-01,1.150279045104980469e+00,1.502338409423828125e+00,1.751335144042968750e+00,0.000000000000000000e+00,0.000000000000000000e+00,1.065541267395019531e+00,7.228985428810119629e-01,0.000000000000000000e+00,0.000000000000000000e+00,8.896431922912597656e-01,0.000000000000000000e+00
7.688317298889160156e-01,1.302782416343688965e+00,1.569767236709594727e+00,2.054572582244873047e+00,0.000000000000000000e+00,0.000000000000000000e+00,9.198864698410034180e-01,6.519368886947631836e-01,0.000000000000000000e+00,0.000000000000000000e+00,7.755973339080810547e-01,0.000000000000000000e+00
6.017038226127624512e-01,1.831671595573425293e+00,1.719217538833618164e+00,2.678552865982055664e+00,0.000000000000000000e+00,0.000000000000000000e+00,6.036620736122131348e-01,4.157440662384033203e-01,0.000000000000000000e+00,0.000000000000000000e+00,6.872469782829284668e-01,0.000000000000000000e+00
3.636437356472015381e-01,1.988545060157775879e+00,1.456191778182983398e+00,2.823059320449829102e+00,0.000000000000000000e+00,0.000000000000000000e+00,3.030014932155609131e-01,1.916090846061706543e-01,0.000000000000000000e+00,0.000000000000000000e+00,8.067085742950439453e-01,0.000000000000000000e+00
2.652978599071502686e-01,9.473458528518676758e-01,5.418267846107482910e-01,1.819471359252929688e+00,0.000000000000000000e+00,0.000000000000000000e+00,8.368471264839172363e-01,6.880033612251281738e-01,0.000000000000000000e+00,0.000000000000000000e+00,5.995246767997741699e-01,0.000000000000000000e+00
1.000784873962402344e+00,1.253269076347351074e+00,1.849766492843627930e+00,1.729003190994262695e+00,0.000000000000000000e+00,0.000000000000000000e+00,8.993285894393920898e-01,6.058670878410339355e-01,0.000000000000000000e+00,0.000000000000000000e+00,7.855304479598999023e-01,0.000000000000000000e+00
6.945657730102539062e-01,1.419675469398498535e+00,1.439198017120361328e+00,2.104069232940673828e+00,0.000000000000000000e+00,0.000000000000000000e+00,1.413941860198974609e+00,1.048644542694091797e+00,0.000000000000000000e+00,0.000000000000000000e+00,1.007268905639648438e+00,0.000000000000000000e+00
7.690312862396240234e-01,1.411691546440124512e+00,1.452024221420288086e+00,2.131497144699096680e+00,0.000000000000000000e+00,0.000000000000000000e+00,8.604482412338256836e-01,6.178492903709411621e-01,0.000000000000000000e+00,0.000000000000000000e+00,8.639039993286132812e-01,0.000000000000000000e+00
1.248243212699890137e+00,1.395592093467712402e+00,1.016697049140930176e+00,2.229999303817749023e+00,0.000000000000000000e+00,0.000000000000000000e+00,1.375025510787963867e+00,1.305693626403808594e+00,0.000000000000000000e+00,0.000000000000000000e+00,6.617026329040527344e-01,0.000000000000000000e+00
1.530679464340209961e+00,2.028849124908447266e-01,1.321571826934814453e+00,6.936919689178466797e-01,0.000000000000000000e+00,0.000000000000000000e+00,1.574108362197875977e+00,1.126855015754699707e+00,0.000000000000000000e+00,0.000000000000000000e+00,1.334089398384094238e+00,0.000000000000000000e+00
9.183073043823242188e-01,3.636326789855957031e-01,1.577112197875976562e+00,5.581254959106445312e-01,0.000000000000000000e+00,0.000000000000000000e+00,1.062147498130798340e+00,3.489519953727722168e-01,0.000000000000000000e+00,0.000000000000000000e+00,1.078257799148559570e+00,0.000000000000000000e+00
9.331872463226318359e-01,8.597140312194824219e-01,1.592013120651245117e+00,1.309903621673583984e+00,0.000000000000000000e+00,0.000000000000000000e+00,1.269314765930175781e+00,8.337188959121704102e-01,0.000000000000000000e+00,0.000000000000000000e+00,9.961796998977661133e-01,0.000000000000000000e+00
9.937629699707031250e-01,1.516149640083312988e+00,1.156942844390869141e+00,2.327595233917236328e+00,0.000000000000000000e+00,0.000000000000000000e+00,7.060867547988891602e-01,5.797573328018188477e-01,0.000000000000000000e+00,0.000000000000000000e+00,7.775866985321044922e-01,0.000000000000000000e+00
1.212385416030883789e+00,8.602564334869384766e-01,1.475277662277221680e+00,1.227136135101318359e+00,0.000000000000000000e+00,0.000000000000000000e+00,1.231458783149719238e+00,8.288986086845397949e-01,0.000000000000000000e+00,0.000000000000000000e+00,9.557502269744873047e-01,0.000000000000000000e+00
9.254887700080871582e-01,1.098476529121398926e+00,1.560960769653320312e+00,1.483771324157714844e+00,0.000000000000000000e+00,0.000000000000000000e+00,1.173012018203735352e+00,6.234435439109802246e-01,0.000000000000000000e+00,0.000000000000000000e+00,9.193834066390991211e-01,0.000000000000000000e+00
7.562955617904663086e-01,1.110554099082946777e+00,1.341964840888977051e+00,1.713815927505493164e+00,0.000000000000000000e+00,0.000000000000000000e+00,1.197390913963317871e+00,8.226027488708496094e-01,0.000000000000000000e+00,0.000000000000000000e+00,1.064875125885009766e+00,0.000000000000000000e+00
9.072026014328002930e-01,1.206995010375976562e+00,1.503367900848388672e+00,1.756373882293701172e+00,0.000000000000000000e+00,0.000000000000000000e+00,9.156751036643981934e-01,7.269574403762817383e-01,0.000000000000000000e+00,0.000000000000000000e+00,8.378485441207885742e-01,0.000000000000000000e+00
6.785653829574584961e-01,1.240666270256042480e+00,1.663416624069213867e+00,2.063273668289184570e+00,0.000000000000000000e+00,0.000000000000000000e+00,8.370656967163085938e-01,3.853024244308471680e-01,0.000000000000000000e+00,0.000000000000000000e+00,9.132653474807739258e-01,0.000000000000000000e+00
4.467582702636718750e-01,1.928712487220764160e+00,1.614590167999267578e+00,2.643828153610229492e+00,0.000000000000000000e+00,0.000000000000000000e+00,5.765116214752197266e-01,4.224596917629241943e-01,0.000000000000000000e+00,0.000000000000000000e+00,5.321680307388305664e-01,0.000000000000000000e+00
4.224711060523986816e-01,2.048598289489746094e+00,1.669900655746459961e+00,3.092640638351440430e+00,0.000000000000000000e+00,0.000000000000000000e+00,4.710255861282348633e-01,4.046396613121032715e-01,0.000000000000000000e+00,0.000000000000000000e+00,6.951314210891723633e-01,0.000000000000000000e+00
4.218056797981262207e-01,2.208442687988281250e+00,1.518941879272460938e+00,3.060599803924560547e+00,0.000000000000000000e+00,0.000000000000000000e+00,3.410150706768035889e-01,2.199576795101165771e-01,0.000000000000000000e+00,0.000000000000000000e+00,8.427205085754394531e-01,0.000000000000000000e+00
6.513428688049316406e-02,1.235124468803405762e+00,1.334829568862915039e+00,1.613924264907836914e+00,0.000000000000000000e+00,0.000000000000000000e+00,1.060104608535766602e+00,5.705237984657287598e-01,0.000000000000000000e+00,0.000000000000000000e+00,4.547173976898193359e-01,0.000000000000000000e+00
6.717348098754882812e-01,9.088979959487915039e-01,8.027674555778503418e-01,1.638648748397827148e+00,0.000000000000000000e+00,0.000000000000000000e+00,1.575052499771118164e+00,7.213180065155029297e-01,0.000000000000000000e+00,0.000000000000000000e+00,1.410998225212097168e+00,0.000000000000000000e+00
5.296809673309326172e-01,1.087553381919860840e+00,1.433046102523803711e+00,1.935538768768310547e+00,0.000000000000000000e+00,0.000000000000000000e+00,3.000872731208801270e-01,0.000000000000000000e+00,0.000000000000000000e+00,0.000000000000000000e+00,2.149375677108764648e-01,0.000000000000000000e+00
1.286460876464843750e+00,2.632400989532470703e-01,1.292409181594848633e+00,1.234084129333496094e+00,0.000000000000000000e+00,0.000000000000000000e+00,1.599426865577697754e+00,1.208626270294189453e+00,0.000000000000000000e+00,0.000000000000000000e+00,1.657234549522399902e+00,0.000000000000000000e+00
1.021939158439636230e+00,4.606287479400634766e-01,1.579098939895629883e+00,4.607340097427368164e-01,0.000000000000000000e+00,0.000000000000000000e+00,1.570156693458557129e+00,5.387549400329589844e-01,0.000000000000000000e+00,0.000000000000000000e+00,1.226111412048339844e+00,0.000000000000000000e+00
5.984217524528503418e-01,1.470147967338562012e+00,1.427296876907348633e+00,1.732691526412963867e+00,0.000000000000000000e+00,0.000000000000000000e+00,6.914749741554260254e-01,5.000057816505432129e-01,0.000000000000000000e+00,0.000000000000000000e+00,3.822041153907775879e-01,0.000000000000000000e+00
9.192637205123901367e-01,9.701958894729614258e-01,1.564442396163940430e+00,1.397124290466308594e+00,0.000000000000000000e+00,0.000000000000000000e+00,1.200843334197998047e+00,8.049446344375610352e-01,0.000000000000000000e+00,0.000000000000000000e+00,1.009681105613708496e+00,0.000000000000000000e+00
9.781887531280517578e-01,1.561276078224182129e+00,1.145638942718505859e+00,2.346858739852905273e+00,0.000000000000000000e+00,0.000000000000000000e+00,6.121267080307006836e-01,5.248174667358398438e-01,0.000000000000000000e+00,0.000000000000000000e+00,7.250907421112060547e-01,0.000000000000000000e+00
1.176213979721069336e+00,8.601212501525878906e-01,1.444247245788574219e+00,1.231728315353393555e+00,0.000000000000000000e+00,0.000000000000000000e+00,1.195934295654296875e+00,8.284068703651428223e-01,0.000000000000000000e+00,0.000000000000000000e+00,9.226859807968139648e-01,0.000000000000000000e+00
5.919116139411926270e-01,1.137817740440368652e+00,1.983766555786132812e+00,1.583474874496459961e+00,0.000000000000000000e+00,0.000000000000000000e+00,1.180706739425659180e+00,6.087245345115661621e-01,0.000000000000000000e+00,0.000000000000000000e+00,9.584101438522338867e-01,0.000000000000000000e+00
6.695714592933654785e-01,9.283179044723510742e-01,1.241455078125000000e+00,1.707165956497192383e+00,0.000000000000000000e+00,0.000000000000000000e+00,1.134238481521606445e+00,8.333252072334289551e-01,0.000000000000000000e+00,0.000000000000000000e+00,9.706441164016723633e-01,0.000000000000000000e+00
8.911745548248291016e-01,1.145879507064819336e+00,1.538558006286621094e+00,1.811137676239013672e+00,0.000000000000000000e+00,0.000000000000000000e+00,8.557225465774536133e-01,6.332294940948486328e-01,0.000000000000000000e+00,0.000000000000000000e+00,8.798975944519042969e-01,0.000000000000000000e+00
7.179470062255859375e-01,1.564113497734069824e+00,1.681555271148681641e+00,2.344783067703247070e+00,0.000000000000000000e+00,0.000000000000000000e+00,8.202350139617919922e-01,6.116156578063964844e-01,0.000000000000000000e+00,0.000000000000000000e+00,7.419649362564086914e-01,0.000000000000000000e+00
6.279145479202270508e-01,1.750379204750061035e+00,1.616406440734863281e+00,2.739756584167480469e+00,0.000000000000000000e+00,0.000000000000000000e+00,7.157266736030578613e-01,5.253538489341735840e-01,0.000000000000000000e+00,0.000000000000000000e+00,7.814133167266845703e-01,0.000000000000000000e+00
6.240288019180297852e-01,1.907891154289245605e+00,1.695562362670898438e+00,2.887707471847534180e+00,0.000000000000000000e+00,0.000000000000000000e+00,6.930327415466308594e-01,5.315602421760559082e-01,0.000000000000000000e+00,0.000000000000000000e+00,7.420775890350341797e-01,0.000000000000000000e+00
5.745882391929626465e-01,1.917022347450256348e+00,1.641333818435668945e+00,3.011534929275512695e+00,0.000000000000000000e+00,0.000000000000000000e+00,5.956811904907226562e-01,5.759620070457458496e-01,0.000000000000000000e+00,0.000000000000000000e+00,6.989401578903198242e-01,0.000000000000000000e+00
5.642590522766113281e-01,1.864870429039001465e+00,1.510299444198608398e+00,2.858078956604003906e+00,0.000000000000000000e+00,0.000000000000000000e+00,5.173615813255310059e-01,2.694548964500427246e-01,0.000000000000000000e+00,0.000000000000000000e+00,1.024119019508361816e+00,0.000000000000000000e+00
1.417875885963439941e-01,1.822672724723815918e+00,1.476893901824951172e+00,2.383632183074951172e+00,0.000000000000000000e+00,0.000000000000000000e+00,1.931185126304626465e-01,4.251142740249633789e-01,0.000000000000000000e+00,0.000000000000000000e+00,5.306568741798400879e-01,0.000000000000000000e+00
6.508427858352661133e-01,2.118174552917480469e+00,1.622988939285278320e+00,3.222849369049072266e+00,0.000000000000000000e+00,0.000000000000000000e+00,4.458726942539215088e-01,7.738275527954101562e-01,0.000000000000000000e+00,0.000000000000000000e+00,7.497422695159912109e-01,0.000000000000000000e+00
1.440553903579711914e+00,3.176087141036987305e-01,1.317333698272705078e+00,8.199812173843383789e-01,0.000000000000000000e+00,0.000000000000000000e+00,1.613986134529113770e+00,1.128891944885253906e+00,0.000000000000000000e+00,0.000000000000000000e+00,1.533234834671020508e+00,0.000000000000000000e+00
7.628021240234375000e-01,9.428157806396484375e-01,1.614587545394897461e+00,1.106871604919433594e+00,0.000000000000000000e+00,0.000000000000000000e+00,5.535436868667602539e-01,4.811910092830657959e-01,0.000000000000000000e+00,0.000000000000000000e+00,2.042667418718338013e-01,0.000000000000000000e+00
6.664366126060485840e-01,1.534577727317810059e+00,1.470098495483398438e+00,2.378408908843994141e+00,0.000000000000000000e+00,0.000000000000000000e+00,7.812502980232238770e-01,5.593594908714294434e-01,0.000000000000000000e+00,0.000000000000000000e+00,8.181401491165161133e-01,0.000000000000000000e+00
8.492114543914794922e-01,9.419901371002197266e-01,1.594153404235839844e+00,1.399323940277099609e+00,0.000000000000000000e+00,0.000000000000000000e+00,1.163343667984008789e+00,7.669994235038757324e-01,0.000000000000000000e+00,0.000000000000000000e+00,9.653390645980834961e-01,0.000000000000000000e+00
9.497379064559936523e-01,1.612075924873352051e+00,1.185375452041625977e+00,2.417691469192504883e+00,0.000000000000000000e+00,0.000000000000000000e+00,6.330443620681762695e-01,5.200796723365783691e-01,0.000000000000000000e+00,0.000000000000000000e+00,7.339557409286499023e-01,0.000000000000000000e+00
1.199889779090881348e+00,8.532245159149169922e-01,1.445415496826171875e+00,1.233023643493652344e+00,0.000000000000000000e+00,0.000000000000000000e+00,1.217223882675170898e+00,8.146920800209045410e-01,0.000000000000000000e+00,0.000000000000000000e+00,9.507211446762084961e-01,0.000000000000000000e+00
4.679384231567382812e-01,1.157947421073913574e+00,2.170767545700073242e+00,1.587727546691894531e+00,0.000000000000000000e+00,0.000000000000000000e+00,1.207667350769042969e+00,7.278018593788146973e-01,0.000000000000000000e+00,0.000000000000000000e+00,9.412890672683715820e-01,0.000000000000000000e+00
5.726742744445800781e-01,1.316149353981018066e+00,1.078055143356323242e+00,2.102564334869384766e+00,0.000000000000000000e+00,0.000000000000000000e+00,9.344868659973144531e-01,7.770376205444335938e-01,0.000000000000000000e+00,0.000000000000000000e+00,1.106470346450805664e+00,0.000000000000000000e+00
9.125466942787170410e-01,1.253421187400817871e+00,1.495324611663818359e+00,1.960114955902099609e+00,0.000000000000000000e+00,0.000000000000000000e+00,9.587738513946533203e-01,7.259964346885681152e-01,0.000000000000000000e+00,0.000000000000000000e+00,8.695350885391235352e-01,0.000000000000000000e+00
1.037600398063659668e+00,1.387385725975036621e+00,1.435909509658813477e+00,2.147420644760131836e+00,0.000000000000000000e+00,0.000000000000000000e+00,9.942716360092163086e-01,9.246434569358825684e-01,0.000000000000000000e+00,0.000000000000000000e+00,8.201180696487426758e-01,0.000000000000000000e+00
1.479856610298156738e+00,1.415048956871032715e+00,1.849411010742187500e+00,2.303886175155639648e+00,0.000000000000000000e+00,0.000000000000000000e+00,1.291924476623535156e+00,1.113875508308410645e+00,0.000000000000000000e+00,0.000000000000000000e+00,1.153439283370971680e+00,0.000000000000000000e+00
1.355435013771057129e+00,1.619409680366516113e+00,1.811150312423706055e+00,2.362602233886718750e+00,0.000000000000000000e+00,0.000000000000000000e+00,1.791277289390563965e+00,1.059486985206604004e+00,0.000000000000000000e+00,0.000000000000000000e+00,1.143795132637023926e+00,0.000000000000000000e+00
6.365180611610412598e-01,1.502410769462585449e+00,1.727698087692260742e+00,2.558690309524536133e+00,0.000000000000000000e+00,0.000000000000000000e+00,4.220719337463378906e-01,3.466691374778747559e-01,0.000000000000000000e+00,0.000000000000000000e+00,6.361993551254272461e-01,0.000000000000000000e+00
4.132711887359619141e-01,1.954291224479675293e+00,1.594437122344970703e+00,2.954525709152221680e+00,0.000000000000000000e+00,0.000000000000000000e+00,4.698837399482727051e-01,4.226337373256683350e-01,0.000000000000000000e+00,0.000000000000000000e+00,6.680220961570739746e-01,0.000000000000000000e+00
8.996280431747436523e-01,2.362422466278076172e+00,1.523252725601196289e+00,3.003152370452880859e+00,0.000000000000000000e+00,0.000000000000000000e+00,1.039944052696228027e+00,1.048951268196105957e+00,0.000000000000000000e+00,0.000000000000000000e+00,9.468436241149902344e-01,0.000000000000000000e+00
1.550107240676879883e+00,1.464704394340515137e+00,8.839287161827087402e-01,2.177412986755371094e+00,0.000000000000000000e+00,0.000000000000000000e+00,1.355633974075317383e+00,1.090979099273681641e+00,0.000000000000000000e+00,0.000000000000000000e+00,9.092770814895629883e-01,0.000000000000000000e+00
8.863947391510009766e-01,4.754022359848022461e-01,1.920663118362426758e+00,6.430367231369018555e-01,0.000000000000000000e+00,0.000000000000000000e+00,1.248619675636291504e+00,5.976842045783996582e-01,0.000000000000000000e+00,0.000000000000000000e+00,1.140112042427062988e+00,0.000000000000000000e+00
6.496190428733825684e-01,1.545230269432067871e+00,1.447891235351562500e+00,2.264189958572387695e+00,0.000000000000000000e+00,0.000000000000000000e+00,7.490963339805603027e-01,5.227482318878173828e-01,0.000000000000000000e+00,0.000000000000000000e+00,6.890393495559692383e-01,0.000000000000000000e+00
6.955083012580871582e-01,1.518310189247131348e+00,1.487458944320678711e+00,2.362975835800170898e+00,0.000000000000000000e+00,0.000000000000000000e+00,8.009685277938842773e-01,5.861719846725463867e-01,0.000000000000000000e+00,0.000000000000000000e+00,8.208448886871337891e-01,0.000000000000000000e+00
8.936787843704223633e-01,9.846535921096801758e-01,1.528278350830078125e+00,1.525634765625000000e+00,0.000000000000000000e+00,0.000000000000000000e+00,1.225295066833496094e+00,8.489445447921752930e-01,0.000000000000000000e+00,0.000000000000000000e+00,9.870935678482055664e-01,0.000000000000000000e+00
9.492622613906860352e-01,1.613061308860778809e+00,1.231357097625732422e+00,2.428061962127685547e+00,0.000000000000000000e+00,0.000000000000000000e+00,6.139904260635375977e-01,5.091189742088317871e-01,0.000000000000000000e+00,0.000000000000000000e+00,7.292740345001220703e-01,0.000000000000000000e+00
1.189527273178100586e+00,8.225246667861938477e-01,1.456576108932495117e+00,1.206076383590698242e+00,0.000000000000000000e+00,0.000000000000000000e+00,1.227710604667663574e+00,8.150840997695922852e-01,0.000000000000000000e+00,0.000000000000000000e+00,9.537132978439331055e-01,0.000000000000000000e+00
9.999215602874755859e-01,8.253182172775268555e-01,1.566262722015380859e+00,1.552883625030517578e+00,0.000000000000000000e+00,0.000000000000000000e+00,1.123186945915222168e+00,9.215096235275268555e-01,0.000000000000000000e+00,0.000000000000000000e+00,8.350173234939575195e-01,0.000000000000000000e+00
7.660503387451171875e-01,1.486095786094665527e+00,1.086057305335998535e+00,2.494904518127441406e+00,0.000000000000000000e+00,0.000000000000000000e+00,8.597271442413330078e-01,8.024581074714660645e-01,0.000000000000000000e+00,0.000000000000000000e+00,1.165197372436523438e+00,0.000000000000000000e+00
1.196373581886291504e+00,1.190279245376586914e+00,1.252362012863159180e+00,1.837525606155395508e+00,0.000000000000000000e+00,0.000000000000000000e+00,1.073733210563659668e+00,1.123717665672302246e+00,0.000000000000000000e+00,0.000000000000000000e+00,9.084336757659912109e-01,0.000000000000000000e+00
1.527624845504760742e+00,6.792905330657958984e-01,1.427873611450195312e+00,1.373686075210571289e+00,0.000000000000000000e+00,0.000000000000000000e+00,1.517345190048217773e+00,9.767348766326904297e-01,0.000000000000000000e+00,0.000000000000000000e+00,1.416013598442077637e+00,0.000000000000000000e+00
1.045287728309631348e+00,6.581635475158691406e-01,1.480291604995727539e+00,7.613928318023681641e-01,0.000000000000000000e+00,0.000000000000000000e+00,1.740550279617309570e+00,7.507386207580566406e-01,0.000000000000000000e+00,0.000000000000000000e+00,1.000520110130310059e+00,0.000000000000000000e+00
5.820400714874267578e-01,1.100210666656494141e+00,1.629285097122192383e+00,1.490159749984741211e+00,0.000000000000000000e+00,0.000000000000000000e+00,2.654066085815429688e-01,5.118918418884277344e-01,0.000000000000000000e+00,0.000000000000000000e+00,2.317746877670288086e-01,0.000000000000000000e+00
4.643526375293731689e-01,1.803065180778503418e+00,1.690984487533569336e+00,2.790576219558715820e+00,0.000000000000000000e+00,0.000000000000000000e+00,6.761088967323303223e-01,3.725852072238922119e-01,0.000000000000000000e+00,0.000000000000000000e+00,8.075693845748901367e-01,0.000000000000000000e+00
8.449673652648925781e-01,1.210276484489440918e+00,6.173178553581237793e-01,2.714037418365478516e+00,0.000000000000000000e+00,0.000000000000000000e+00,8.713023662567138672e-01,7.676920890808105469e-01,0.000000000000000000e+00,0.000000000000000000e+00,8.249857425689697266e-01,0.000000000000000000e+00
1.684759259223937988e+00,1.410322070121765137e+00,1.200622081756591797e+00,2.090237855911254883e+00,0.000000000000000000e+00,0.000000000000000000e+00,1.310711622238159180e+00,1.205942392349243164e+00,0.000000000000000000e+00,0.000000000000000000e+00,5.816298723220825195e-01,0.000000000000000000e+00
1.544680118560791016e+00,2.216701507568359375e-01,1.287671327590942383e+00,8.189285993576049805e-01,0.000000000000000000e+00,0.000000000000000000e+00,1.541619658470153809e+00,1.125724792480468750e+00,0.000000000000000000e+00,0.000000000000000000e+00,1.355970263481140137e+00,0.000000000000000000e+00
9.139453768730163574e-01,9.789934158325195312e-01,1.829013586044311523e+00,1.195541858673095703e+00,0.000000000000000000e+00,0.000000000000000000e+00,7.243689298629760742e-01,5.070315599441528320e-01,0.000000000000000000e+00,0.000000000000000000e+00,2.959703505039215088e-01,0.000000000000000000e+00
6.516396999359130859e-01,1.610912680625915527e+00,1.483809709548950195e+00,2.462714433670043945e+00,0.000000000000000000e+00,0.000000000000000000e+00,7.338275909423828125e-01,5.387113094329833984e-01,0.000000000000000000e+00,0.000000000000000000e+00,8.223469257354736328e-01,0.000000000000000000e+00
6.766769886016845703e-01,1.522096037864685059e+00,1.434489250183105469e+00,2.352564811706542969e+00,0.000000000000000000e+00,0.000000000000000000e+00,7.678045034408569336e-01,5.758717060089111328e-01,0.000000000000000000e+00,0.000000000000000000e+00,8.207008838653564453e-01,0.000000000000000000e+00
9.467648267745971680e-01,9.202367067337036133e-01,1.493311643600463867e+00,1.465525150299072266e+00,0.000000000000000000e+00,0.000000000000000000e+00,1.229398488998413086e+00,8.284695148468017578e-01,0.000000000000000000e+00,0.000000000000000000e+00,1.019056916236877441e+00,0.000000000000000000e+00
9.546011686325073242e-01,1.626863360404968262e+00,1.242466449737548828e+00,2.437995433807373047e+00,0.000000000000000000e+00,0.000000000000000000e+00,6.018069982528686523e-01,4.911522269248962402e-01,0.000000000000000000e+00,0.000000000000000000e+00,6.835492849349975586e-01,0.000000000000000000e+00
1.155417680740356445e+00,8.677423000335693359e-01,1.464881896972656250e+00,1.250158786773681641e+00,0.000000000000000000e+00,0.000000000000000000e+00,1.178378343582153320e+00,8.250941634178161621e-01,0.000000000000000000e+00,0.000000000000000000e+00,9.390248060226440430e-01,0.000000000000000000e+00
9.633172154426574707e-01,1.108225464820861816e+00,1.543172597885131836e+00,1.493852376937866211e+00,0.000000000000000000e+00,0.000000000000000000e+00,1.108062982559204102e+00,5.902629494667053223e-01,0.000000000000000000e+00,0.000000000000000000e+00,9.075249433517456055e-01,0.000000000000000000e+00
1.322917461395263672e+00,1.263294100761413574e+00,1.451439380645751953e+00,1.975450992584228516e+00,0.000000000000000000e+00,0.000000000000000000e+00,1.106997132301330566e+00,1.043060541152954102e+00,0.000000000000000000e+00,0.000000000000000000e+00,1.138456702232360840e+00,0.000000000000000000e+00
1.348787784576416016e+00,4.190461635589599609e-01,1.285970330238342285e+00,1.142855167388916016e+00,0.000000000000000000e+00,0.000000000000000000e+00,1.492161273956298828e+00,1.050935864448547363e+00,0.000000000000000000e+00,0.000000000000000000e+00,1.357123851776123047e+00,0.000000000000000000e+00
1.352998614311218262e+00,4.320726394653320312e-01,1.406048774719238281e+00,6.528265476226806641e-01,0.000000000000000000e+00,0.000000000000000000e+00,1.527446508407592773e+00,9.841246604919433594e-01,0.000000000000000000e+00,0.000000000000000000e+00,1.096678733825683594e+00,0.000000000000000000e+00
5.813708305358886719e-01,8.845728635787963867e-01,1.600686311721801758e+00,1.393036842346191406e+00,0.000000000000000000e+00,0.000000000000000000e+00,2.982555925846099854e-01,5.069635510444641113e-01,0.000000000000000000e+00,0.000000000000000000e+00,2.127321362495422363e-01,0.000000000000000000e+00
9.860352277755737305e-01,1.879200339317321777e+00,1.554924488067626953e+00,2.515963554382324219e+00,0.000000000000000000e+00,0.000000000000000000e+00,1.058820247650146484e+00,1.012797117233276367e+00,0.000000000000000000e+00,0.000000000000000000e+00,1.019603013992309570e+00,0.000000000000000000e+00
6.985200643539428711e-01,1.971203923225402832e+00,1.867217540740966797e+00,2.693909883499145508e+00,0.000000000000000000e+00,0.000000000000000000e+00,5.734915733337402344e-01,4.890692830085754395e-01,0.000000000000000000e+00,0.000000000000000000e+00,7.413104772567749023e-01,0.000000000000000000e+00
1.309569835662841797e+00,2.263801097869873047e+00,7.432372570037841797e-01,2.698079824447631836e+00,0.000000000000000000e+00,0.000000000000000000e+00,6.776133179664611816e-01,8.217790722846984863e-01,0.000000000000000000e+00,0.000000000000000000e+00,1.179624915122985840e+00,0.000000000000000000e+00
1.823089599609375000e+00,8.015594482421875000e-01,1.131883263587951660e+00,9.496228694915771484e-01,0.000000000000000000e+00,0.000000000000000000e+00,1.171127915382385254e+00,6.894358992576599121e-01,0.000000000000000000e+00,0.000000000000000000e+00,8.896743059158325195e-01,0.000000000000000000e+00
1.037198185920715332e+00,5.326491594314575195e-01,1.530339956283569336e+00,5.492888689041137695e-01,0.000000000000000000e+00,0.000000000000000000e+00,1.620547056198120117e+00,7.470996379852294922e-01,0.000000000000000000e+00,0.000000000000000000e+00,1.300673127174377441e+00,0.000000000000000000e+00
7.449678778648376465e-01,1.557357192039489746e+00,1.464171886444091797e+00,2.019462585449218750e+00,0.000000000000000000e+00,0.000000000000000000e+00,6.998916864395141602e-01,5.045171380043029785e-01,0.000000000000000000e+00,0.000000000000000000e+00,5.721720457077026367e-01,0.000000000000000000e+00
6.524403095245361328e-01,1.502938866615295410e+00,1.430122852325439453e+00,2.326418399810791016e+00,0.000000000000000000e+00,0.000000000000000000e+00,8.144247531890869141e-01,5.693202018737792969e-01,0.000000000000000000e+00,0.000000000000000000e+00,7.919192314147949219e-01,0.000000000000000000e+00
7.865929007530212402e-01,1.435208678245544434e+00,1.471160173416137695e+00,2.349990129470825195e+00,0.000000000000000000e+00,0.000000000000000000e+00,8.904336690902709961e-01,6.776185035705566406e-01,0.000000000000000000e+00,0.000000000000000000e+00,8.251157999038696289e-01,0.000000000000000000e+00
1.008769154548645020e+00,8.931735754013061523e-01,1.418280601501464844e+00,1.349562406539916992e+00,0.000000000000000000e+00,0.000000000000000000e+00,1.345176815986633301e+00,9.362089633941650391e-01,0.000000000000000000e+00,0.000000000000000000e+00,1.066603660583496094e+00,0.000000000000000000e+00
9.629766345024108887e-01,1.662374854087829590e+00,1.266009807586669922e+00,2.461140155792236328e+00,0.000000000000000000e+00,0.000000000000000000e+00,5.612307786941528320e-01,4.486194849014282227e-01,0.000000000000000000e+00,0.000000000000000000e+00,6.645029783248901367e-01,0.000000000000000000e+00
1.070089340209960938e+00,8.797347545623779297e-01,1.414378881454467773e+00,1.229716062545776367e+00,0.000000000000000000e+00,0.000000000000000000e+00,1.148594141006469727e+00,6.877163648605346680e-01,0.000000000000000000e+00,0.000000000000000000e+00,9.033112525939941406e-01,0.000000000000000000e+00
1.362966299057006836e+00,1.452242493629455566e+00,1.317672014236450195e+00,1.640039682388305664e+00,0.000000000000000000e+00,0.000000000000000000e+00,1.146735191345214844e+00,1.155926823616027832e+00,0.000000000000000000e+00,0.000000000000000000e+00,5.463025569915771484e-01,0.000000000000000000e+00
1.078146457672119141e+00,5.280286073684692383e-01,1.418760776519775391e+00,1.249770641326904297e+00,0.000000000000000000e+00,0.000000000000000000e+00,1.493877530097961426e+00,9.378761649131774902e-01,0.000000000000000000e+00,0.000000000000000000e+00,1.266581058502197266e+00,0.000000000000000000e+00
1.038803935050964355e+00,4.709978103637695312e-01,9.829578995704650879e-01,9.307026863098144531e-01,0.000000000000000000e+00,0.000000000000000000e+00,1.567555308341979980e+00,1.139393568038940430e+00,0.000000000000000000e+00,0.000000000000000000e+00,1.213451862335205078e+00,0.000000000000000000e+00
8.435754776000976562e-01,3.173574209213256836e-01,2.161416292190551758e+00,9.451711177825927734e-01,0.000000000000000000e+00,0.000000000000000000e+00,7.548890113830566406e-01,5.091558098793029785e-01,0.000000000000000000e+00,0.000000000000000000e+00,1.034403562545776367e+00,0.000000000000000000e+00
1.017652750015258789e+00,1.673726916313171387e+00,1.227297067642211914e+00,2.349390506744384766e+00,0.000000000000000000e+00,0.000000000000000000e+00,1.189161777496337891e+00,2.850627899169921875e-01,0.000000000000000000e+00,0.000000000000000000e+00,1.342640399932861328e+00,0.000000000000000000e+00
6.793547272682189941e-01,1.024077296257019043e+00,1.161900281906127930e+00,9.782075881958007812e-01,0.000000000000000000e+00,0.000000000000000000e+00,3.855656087398529053e-01,3.976676166057586670e-01,0.000000000000000000e+00,0.000000000000000000e+00,5.387371182441711426e-01,0.000000000000000000e+00
7.401921749114990234e-01,1.530236840248107910e+00,1.902460098266601562e+00,2.141972541809082031e+00,0.000000000000000000e+00,0.000000000000000000e+00,7.660369873046875000e-01,4.011468291282653809e-01,0.000000000000000000e+00,0.000000000000000000e+00,5.223103761672973633e-01,0.000000000000000000e+00
1.004549145698547363e+00,6.726061105728149414e-01,7.215915918350219727e-01,1.294623374938964844e+00,0.000000000000000000e+00,0.000000000000000000e+00,9.721873402595520020e-01,7.889096736907958984e-01,0.000000000000000000e+00,0.000000000000000000e+00,9.179108142852783203e-01,0.000000000000000000e+00
1.790269732475280762e+00,7.723618745803833008e-01,1.289713382720947266e+00,9.016402959823608398e-01,0.000000000000000000e+00,0.000000000000000000e+00,9.773021340370178223e-01,7.604974508285522461e-01,0.000000000000000000e+00,0.000000000000000000e+00,7.195332050323486328e-01,0.000000000000000000e+00
9.507555961608886719e-01,5.517870187759399414e-01,2.082003355026245117e+00,8.705943822860717773e-01,0.000000000000000000e+00,0.000000000000000000e+00,1.015305757522583008e+00,6.889414787292480469e-01,0.000000000000000000e+00,0.000000000000000000e+00,9.311829805374145508e-01,0.000000000000000000e+00
7.037779092788696289e-01,1.521942734718322754e+00,1.484542131423950195e+00,2.324850320816040039e+00,0.000000000000000000e+00,0.000000000000000000e+00,8.259612321853637695e-01,6.014854311943054199e-01,0.000000000000000000e+00,0.000000000000000000e+00,8.359696865081787109e-01,0.000000000000000000e+00
7.912740111351013184e-01,1.502247691154479980e+00,1.456041336059570312e+00,2.316951751708984375e+00,0.000000000000000000e+00,0.000000000000000000e+00,8.784256577491760254e-01,6.859119534492492676e-01,0.000000000000000000e+00,0.000000000000000000e+00,8.559406995773315430e-01,0.000000000000000000e+00
4.868056178092956543e-01,1.177170157432556152e+00,1.498269796371459961e+00,2.222111940383911133e+00,0.000000000000000000e+00,0.000000000000000000e+00,6.333248615264892578e-01,2.018685936927795410e-01,0.000000000000000000e+00,0.000000000000000000e+00,7.580034732818603516e-01,0.000000000000000000e+00
1.132958531379699707e+00,6.530122756958007812e-01,1.431494474411010742e+00,1.116869807243347168e+00,0.000000000000000000e+00,0.000000000000000000e+00,1.499338150024414062e+00,1.010035991668701172e+00,0.000000000000000000e+00,0.000000000000000000e+00,1.160621166229248047e+00,0.000000000000000000e+00
9.790617227554321289e-01,1.671410441398620605e+00,1.317826032638549805e+00,2.457184791564941406e+00,0.000000000000000000e+00,0.000000000000000000e+00,6.287025809288024902e-01,4.657878577709197998e-01,0.000000000000000000e+00,0.000000000000000000e+00,6.390237808227539062e-01,0.000000000000000000e+00
1.288520574569702148e+00,9.008038043975830078e-01,1.434507131576538086e+00,1.460113048553466797e+00,0.000000000000000000e+00,0.000000000000000000e+00,1.009030461311340332e+00,9.050688743591308594e-01,0.000000000000000000e+00,0.000000000000000000e+00,7.512272596359252930e-01,0.000000000000000000e+00
9.370270967483520508e-01,7.124356031417846680e-01,1.484622001647949219e+00,1.258010387420654297e+00,0.000000000000000000e+00,0.000000000000000000e+00,1.292272567749023438e+00,9.080065488815307617e-01,0.000000000000000000e+00,0.000000000000000000e+00,1.237973451614379883e+00,0.000000000000000000e+00
1.052461504936218262e+00,3.665307760238647461e-01,1.371148109436035156e+00,9.029541015625000000e-01,0.000000000000000000e+00,0.000000000000000000e+00,1.707820653915405273e+00,1.093321800231933594e+00,0.000000000000000000e+00,0.000000000000000000e+00,1.261909604072570801e+00,0.000000000000000000e+00
1.268042087554931641e+00,9.197846651077270508e-01,1.012290477752685547e+00,8.626633882522583008e-01,0.000000000000000000e+00,0.000000000000000000e+00,1.356326580047607422e+00,6.613014936447143555e-01,0.000000000000000000e+00,0.000000000000000000e+00,1.100340127944946289e+00,0.000000000000000000e+00
1.220687389373779297e+00,1.556848883628845215e+00,9.024827480316162109e-01,1.564970731735229492e+00,0.000000000000000000e+00,0.000000000000000000e+00,1.592772841453552246e+00,9.149644374847412109e-01,0.000000000000000000e+00,0.000000000000000000e+00,5.712089538574218750e-01,0.000000000000000000e+00
9.103611707687377930e-01,1.359069228172302246e+00,1.752140522003173828e+00,1.908673286437988281e+00,0.000000000000000000e+00,0.000000000000000000e+00,9.192196726799011230e-01,6.549196839332580566e-01,0.000000000000000000e+00,0.000000000000000000e+00,6.777549982070922852e-01,0.000000000000000000e+00
8.918992280960083008e-01,1.702289700508117676e+00,1.399883151054382324e+00,2.601396560668945312e+00,0.000000000000000000e+00,0.000000000000000000e+00,7.182487845420837402e-01,6.599555015563964844e-01,0.000000000000000000e+00,0.000000000000000000e+00,8.564245700836181641e-01,0.000000000000000000e+00
4.572459161281585693e-01,1.531781554222106934e+00,2.120116710662841797e+00,2.252980709075927734e+00,0.000000000000000000e+00,0.000000000000000000e+00,9.387247562408447266e-01,5.955942869186401367e-01,0.000000000000000000e+00,0.000000000000000000e+00,8.111915588378906250e-01,0.000000000000000000e+00
1.169058203697204590e+00,1.239896893501281738e+00,7.569906711578369141e-01,2.114623546600341797e+00,0.000000000000000000e+00,0.000000000000000000e+00,9.709615111351013184e-01,9.965323209762573242e-01,0.000000000000000000e+00,0.000000000000000000e+00,1.078716754913330078e+00,0.000000000000000000e+00
1.640651702880859375e+00,8.882418870925903320e-01,1.418359994888305664e+00,8.919612169265747070e-01,0.000000000000000000e+00,0.000000000000000000e+00,1.110169649124145508e+00,7.041115760803222656e-01,0.000000000000000000e+00,0.000000000000000000e+00,8.045680522918701172e-01,0.000000000000000000e+00
1.130074381828308105e+00,1.047934651374816895e+00,1.784409523010253906e+00,1.243264675140380859e+00,0.000000000000000000e+00,0.000000000000000000e+00,6.389378905296325684e-01,4.906111359596252441e-01,0.000000000000000000e+00,0.000000000000000000e+00,2.606388628482818604e-01,0.000000000000000000e+00
7.420392632484436035e-01,1.449461102485656738e+00,1.440604925155639648e+00,2.277135848999023438e+00,0.000000000000000000e+00,0.000000000000000000e+00,8.523993492126464844e-01,6.247599720954895020e-01,0.000000000000000000e+00,0.000000000000000000e+00,8.504809141159057617e-01,0.000000000000000000e+00
5.184920430183410645e-01,1.336064219474792480e+00,1.860860824584960938e+00,2.231049060821533203e+00,0.000000000000000000e+00,0.000000000000000000e+00,5.499012470245361328e-01,3.848724067211151123e-01,0.000000000000000000e+00,0.000000000000000000e+00,8.708255290985107422e-01,0.000000000000000000e+00
3.190304636955261230e-01,1.939328789710998535e+00,1.574775457382202148e+00,2.991146564483642578e+00,0.000000000000000000e+00,0.000000000000000000e+00,3.646193742752075195e-01,3.035441040992736816e-01,0.000000000000000000e+00,0.000000000000000000e+00,6.374411582946777344e-01,0.000000000000000000e+00
1.035779714584350586e+00,7.440401315689086914e-01,1.676213741302490234e+00,1.010584235191345215e+00,0.000000000000000000e+00,0.000000000000000000e+00,1.414134263992309570e+00,8.960064649581909180e-01,0.000000000000000000e+00,0.000000000000000000e+00,1.246014356613159180e+00,0.000000000000000000e+00
8.814843297004699707e-01,1.655330061912536621e+00,1.330772161483764648e+00,2.449106454849243164e+00,0.000000000000000000e+00,0.000000000000000000e+00,5.977050065994262695e-01,4.670068621635437012e-01,0.000000000000000000e+00,0.000000000000000000e+00,6.513234376907348633e-01,0.000000000000000000e+00
1.389739751815795898e+00,8.398360013961791992e-01,1.201470851898193359e+00,1.320621728897094727e+00,0.000000000000000000e+00,0.000000000000000000e+00,1.057357549667358398e+00,8.535726070404052734e-01,0.000000000000000000e+00,0.000000000000000000e+00,8.795351982116699219e-01,0.000000000000000000e+00
1.201232194900512695e+00,6.643283367156982422e-01,1.567908763885498047e+00,1.188669443130493164e+00,0.000000000000000000e+00,0.000000000000000000e+00,1.421746730804443359e+00,9.769104123115539551e-01,0.000000000000000000e+00,0.000000000000000000e+00,1.141311526298522949e+00,0.000000000000000000e+00
9.181796312332153320e-01,7.453643083572387695e-01,1.213909149169921875e+00,1.048244595527648926e+00,0.000000000000000000e+00,0.000000000000000000e+00,1.215421438217163086e+00,5.551366209983825684e-01,0.000000000000000000e+00,0.000000000000000000e+00,1.297325134277343750e+00,0.000000000000000000e+00
8.174226284027099609e-01,9.306451082229614258e-01,1.010438561439514160e+00,1.277213811874389648e+00,0.000000000000000000e+00,0.000000000000000000e+00,8.650624155998229980e-01,1.275906801223754883e+00,0.000000000000000000e+00,0.000000000000000000e+00,5.450596809387207031e-01,0.000000000000000000e+00
1.238595962524414062e+00,3.366066217422485352e-01,1.683432579040527344e+00,1.049883127212524414e+00,0.000000000000000000e+00,0.000000000000000000e+00,1.429900884628295898e+00,1.084744691848754883e+00,0.000000000000000000e+00,0.000000000000000000e+00,1.391782402992248535e+00,0.000000000000000000e+00
9.697552919387817383e-01,1.263568043708801270e+00,1.627559900283813477e+00,1.804110527038574219e+00,0.000000000000000000e+00,0.000000000000000000e+00,9.439898729324340820e-01,6.710903644561767578e-01,0.000000000000000000e+00,0.000000000000000000e+00,7.870024442672729492e-01,0.000000000000000000e+00
9.417731761932373047e-01,1.641457676887512207e+00,1.517199039459228516e+00,2.218274354934692383e+00,0.000000000000000000e+00,0.000000000000000000e+00,8.998887538909912109e-01,7.494447827339172363e-01,0.000000000000000000e+00,0.000000000000000000e+00,9.571690559387207031e-01,0.000000000000000000e+00
7.851421236991882324e-01,1.596202254295349121e+00,1.596631765365600586e+00,1.946766614913940430e+00,0.000000000000000000e+00,0.000000000000000000e+00,3.426989912986755371e-01,8.610131144523620605e-01,0.000000000000000000e+00,0.000000000000000000e+00,7.928528785705566406e-01,0.000000000000000000e+00
1.087810993194580078e+00,1.078406333923339844e+00,1.003382682800292969e+00,1.672188043594360352e+00,0.000000000000000000e+00,0.000000000000000000e+00,1.739488005638122559e+00,1.046000480651855469e+00,0.000000000000000000e+00,0.000000000000000000e+00,1.672607660293579102e+00,0.000000000000000000e+00
9.125057458877563477e-01,8.312577009201049805e-01,1.761035442352294922e+00,9.200253486633300781e-01,0.000000000000000000e+00,0.000000000000000000e+00,1.474313378334045410e+00,8.035558462142944336e-01,0.000000000000000000e+00,0.000000000000000000e+00,9.806754589080810547e-01,0.000000000000000000e+00
7.891510725021362305e-01,1.522423863410949707e+00,1.411299467086791992e+00,1.898249149322509766e+00,0.000000000000000000e+00,0.000000000000000000e+00,8.069016933441162109e-01,5.076067447662353516e-01,0.000000000000000000e+00,0.000000000000000000e+00,4.865243136882781982e-01,0.000000000000000000e+00
7.985606193542480469e-01,1.412623524665832520e+00,1.419814825057983398e+00,2.222552776336669922e+00,0.000000000000000000e+00,0.000000000000000000e+00,8.616638183593750000e-01,6.518045663833618164e-01,0.000000000000000000e+00,0.000000000000000000e+00,8.668354749679565430e-01,0.000000000000000000e+00
6.364497542381286621e-01,1.818634390830993652e+00,1.810928344726562500e+00,2.514933586120605469e+00,0.000000000000000000e+00,0.000000000000000000e+00,3.458094596862792969e-01,2.224763333797454834e-01,0.000000000000000000e+00,0.000000000000000000e+00,3.483740985393524170e-01,0.000000000000000000e+00
2.784327566623687744e-01,2.087201118469238281e+00,1.616421222686767578e+00,3.218255043029785156e+00,0.000000000000000000e+00,0.000000000000000000e+00,3.788342177867889404e-01,2.949330806732177734e-01,0.000000000000000000e+00,0.000000000000000000e+00,6.199105978012084961e-01,0.000000000000000000e+00
1.101232290267944336e+00,5.905297994613647461e-01,1.880929231643676758e+00,8.376349210739135742e-01,0.000000000000000000e+00,0.000000000000000000e+00,1.429324150085449219e+00,8.864845633506774902e-01,0.000000000000000000e+00,0.000000000000000000e+00,1.066043972969055176e+00,0.000000000000000000e+00
9.564955234527587891e-01,1.680141806602478027e+00,1.369575023651123047e+00,2.519832611083984375e+00,0.000000000000000000e+00,0.000000000000000000e+00,5.941888093948364258e-01,4.853476881980895996e-01,0.000000000000000000e+00,0.000000000000000000e+00,6.582611799240112305e-01,0.000000000000000000e+00
1.424323558807373047e+00,9.547092914581298828e-01,1.198154091835021973e+00,1.352564096450805664e+00,0.000000000000000000e+00,0.000000000000000000e+00,1.349647402763366699e+00,9.456534385681152344e-01,0.000000000000000000e+00,0.000000000000000000e+00,1.072908878326416016e+00,0.000000000000000000e+00
1.399192690849304199e+00,8.739852905273437500e-01,1.650110960006713867e+00,9.196796417236328125e-01,0.000000000000000000e+00,0.000000000000000000e+00,1.127766609191894531e+00,8.928653597831726074e-01,0.000000000000000000e+00,0.000000000000000000e+00,8.898308277130126953e-01,0.000000000000000000e+00
8.745309710502624512e-01,1.006857395172119141e+00,1.616569280624389648e+00,1.595250844955444336e+00,0.000000000000000000e+00,0.000000000000000000e+00,9.505919218063354492e-01,9.678951501846313477e-01,0.000000000000000000e+00,0.000000000000000000e+00,6.870464682579040527e-01,0.000000000000000000e+00
1.502620100975036621e+00,5.850732326507568359e-01,1.357037544250488281e+00,1.510861396789550781e+00,0.000000000000000000e+00,0.000000000000000000e+00,1.609563112258911133e+00,1.133903503417968750e+00,0.000000000000000000e+00,0.000000000000000000e+00,1.829577684402465820e+00,0.000000000000000000e+00
1.433872580528259277e+00,4.698132276535034180e-01,1.375066041946411133e+00,6.428546905517578125e-01,0.000000000000000000e+00,0.000000000000000000e+00,1.542529582977294922e+00,1.088535904884338379e+00,0.000000000000000000e+00,0.000000000000000000e+00,1.088494896888732910e+00,0.000000000000000000e+00
1.390728950500488281e+00,1.188997864723205566e+00,1.859434604644775391e+00,1.464129209518432617e+00,0.000000000000000000e+00,0.000000000000000000e+00,1.389817476272583008e+00,9.865431785583496094e-01,0.000000000000000000e+00,0.000000000000000000e+00,9.993396997451782227e-01,0.000000000000000000e+00
8.027309775352478027e-01,1.314023613929748535e+00,1.517963171005249023e+00,1.950651645660400391e+00,0.000000000000000000e+00,0.000000000000000000e+00,8.169996738433837891e-01,4.948077499866485596e-01,0.000000000000000000e+00,0.000000000000000000e+00,1.044000148773193359e+00,0.000000000000000000e+00
1.114368677139282227e+00,1.214922070503234863e+00,9.417297244071960449e-01,2.193764209747314453e+00,0.000000000000000000e+00,0.000000000000000000e+00,8.123061060905456543e-01,9.696445465087890625e-01,0.000000000000000000e+00,0.000000000000000000e+00,5.664781332015991211e-01,0.000000000000000000e+00
1.402322173118591309e+00,2.819147109985351562e-01,1.404967308044433594e+00,7.508404254913330078e-01,0.000000000000000000e+00,0.000000000000000000e+00,1.507244348526000977e+00,1.049005508422851562e+00,0.000000000000000000e+00,0.000000000000000000e+00,1.312944650650024414e+00,0.000000000000000000e+00
5.985801219940185547e-01,7.094700336456298828e-01,1.879862070083618164e+00,1.073574662208557129e+00,0.000000000000000000e+00,0.000000000000000000e+00,1.406618595123291016e+00,8.478198647499084473e-01,0.000000000000000000e+00,0.000000000000000000e+00,1.055374026298522949e+00,0.000000000000000000e+00
7.511733174324035645e-01,1.539458632469177246e+00,1.485618591308593750e+00,2.269114732742309570e+00,0.000000000000000000e+00,0.000000000000000000e+00,7.941629886627197266e-01,6.012331247329711914e-01,0.000000000000000000e+00,0.000000000000000000e+00,8.326048851013183594e-01,0.000000000000000000e+00
8.273816108703613281e-01,1.404101729393005371e+00,1.327023029327392578e+00,2.178554534912109375e+00,0.000000000000000000e+00,0.000000000000000000e+00,8.910909891128540039e-01,6.870584487915039062e-01,0.000000000000000000e+00,0.000000000000000000e+00,8.730247020721435547e-01,0.000000000000000000e+00
6.146426200866699219e-01,2.063302516937255859e+00,1.717090129852294922e+00,2.810441732406616211e+00,0.000000000000000000e+00,0.000000000000000000e+00,2.887591719627380371e-01,1.710189580917358398e-01,0.000000000000000000e+00,0.000000000000000000e+00,2.543438374996185303e-01,0.000000000000000000e+00
4.664050936698913574e-01,2.117652893066406250e+00,1.514421463012695312e+00,3.310893535614013672e+00,0.000000000000000000e+00,0.000000000000000000e+00,3.726700544357299805e-01,6.352626681327819824e-01,0.000000000000000000e+00,0.000000000000000000e+00,6.793239116668701172e-01,0.000000000000000000e+00
6.534876823425292969e-01,2.745449542999267578e-01,9.125339984893798828e-01,8.994520902633666992e-01,0.000000000000000000e+00,0.000000000000000000e+00,1.085621595382690430e+00,9.241002798080444336e-01,0.000000000000000000e+00,0.000000000000000000e+00,5.644829273223876953e-01,0.000000000000000000e+00
9.387235641479492188e-01,1.635096907615661621e+00,1.469488382339477539e+00,2.415868043899536133e+00,0.000000000000000000e+00,0.000000000000000000e+00,6.209430098533630371e-01,4.161755740642547607e-01,0.000000000000000000e+00,0.000000000000000000e+00,6.779964566230773926e-01,0.000000000000000000e+00
9.133263826370239258e-01,7.561119794845581055e-01,1.134594559669494629e+00,1.242294073104858398e+00,0.000000000000000000e+00,0.000000000000000000e+00,1.723041534423828125e+00,1.067769050598144531e+00,0.000000000000000000e+00,0.000000000000000000e+00,1.398176074028015137e+00,0.000000000000000000e+00
1.221105575561523438e+00,7.882175445556640625e-01,1.460597991943359375e+00,8.967177867889404297e-01,0.000000000000000000e+00,0.000000000000000000e+00,1.388856053352355957e+00,1.046798229217529297e+00,0.000000000000000000e+00,0.000000000000000000e+00,8.670002222061157227e-01,0.000000000000000000e+00
1.152969360351562500e+00,1.205307483673095703e+00,1.681034564971923828e+00,1.490332603454589844e+00,0.000000000000000000e+00,0.000000000000000000e+00,1.278003931045532227e+00,6.729753017425537109e-01,0.000000000000000000e+00,0.000000000000000000e+00,1.022519707679748535e+00,0.000000000000000000e+00
1.013716816902160645e+00,5.000966787338256836e-01,9.022672176361083984e-01,9.493519067764282227e-01,0.000000000000000000e+00,0.000000000000000000e+00,1.284613609313964844e+00,1.019987106323242188e+00,0.000000000000000000e+00,0.000000000000000000e+00,1.101942420005798340e+00,0.000000000000000000e+00
1.393619060516357422e+00,3.304363489151000977e-01,1.277224779129028320e+00,5.277731418609619141e-01,0.000000000000000000e+00,0.000000000000000000e+00,1.548894405364990234e+00,1.034222602844238281e+00,0.000000000000000000e+00,0.000000000000000000e+00,1.133683800697326660e+00,0.000000000000000000e+00
1.027763843536376953e+00,7.526617050170898438e-01,1.718745231628417969e+00,8.867106437683105469e-01,0.000000000000000000e+00,0.000000000000000000e+00,1.148738622665405273e+00,7.777204513549804688e-01,0.000000000000000000e+00,0.000000000000000000e+00,9.216841459274291992e-01,0.000000000000000000e+00
7.966285347938537598e-01,1.328755021095275879e+00,1.528984785079956055e+00,1.928890228271484375e+00,0.000000000000000000e+00,0.000000000000000000e+00,8.994759321212768555e-01,6.410909295082092285e-01,0.000000000000000000e+00,0.000000000000000000e+00,7.026134729385375977e-01,0.000000000000000000e+00
7.084671854972839355e-01,1.801454424858093262e+00,1.503369808197021484e+00,2.171150922775268555e+00,0.000000000000000000e+00,0.000000000000000000e+00,3.134523928165435791e-01,2.797052264213562012e-01,0.000000000000000000e+00,0.000000000000000000e+00,9.911987781524658203e-01,0.000000000000000000e+00
4.274141788482666016e-02,4.520102739334106445e-01,3.024679422378540039e-01,1.058658003807067871e+00,0.000000000000000000e+00,0.000000000000000000e+00,4.281005859375000000e-01,2.453666627407073975e-01,0.000000000000000000e+00,0.000000000000000000e+00,5.284555554389953613e-01,0.000000000000000000e+00
8.722602725028991699e-01,8.524485826492309570e-01,1.976249217987060547e+00,1.255354404449462891e+00,0.000000000000000000e+00,0.000000000000000000e+00,1.361969590187072754e+00,8.405506014823913574e-01,0.000000000000000000e+00,0.000000000000000000e+00,1.147995471954345703e+00,0.000000000000000000e+00
7.200576663017272949e-01,1.121758103370666504e+00,1.283007860183715820e+00,1.876454114913940430e+00,0.000000000000000000e+00,0.000000000000000000e+00,9.744095802307128906e-01,5.865800976753234863e-01,0.000000000000000000e+00,0.000000000000000000e+00,7.343467473983764648e-01,0.000000000000000000e+00
9.489277601242065430e-01,1.049472332000732422e+00,1.504208803176879883e+00,1.990348815917968750e+00,0.000000000000000000e+00,0.000000000000000000e+00,1.253208398818969727e+00,6.350024342536926270e-01,0.000000000000000000e+00,0.000000000000000000e+00,9.005119800567626953e-01,0.000000000000000000e+00
9.590150117874145508e-01,1.888142228126525879e+00,1.246811866760253906e+00,3.199780464172363281e+00,0.000000000000000000e+00,0.000000000000000000e+00,3.033331334590911865e-01,9.129948616027832031e-01,0.000000000000000000e+00,0.000000000000000000e+00,3.705374598503112793e-01,0.000000000000000000e+00
1.365245699882507324e+00,5.449442863464355469e-01,1.529488086700439453e+00,2.132160663604736328e+00,0.000000000000000000e+00,0.000000000000000000e+00,1.391342639923095703e+00,8.308683633804321289e-01,0.000000000000000000e+00,0.000000000000000000e+00,1.793193221092224121e+00,0.000000000000000000e+00
2.198072910308837891e+00,1.149853229522705078e+00,1.245282888412475586e+00,1.426820755004882812e+00,0.000000000000000000e+00,0.000000000000000000e+00,7.135516405105590820e-01,5.075748562812805176e-01,0.000000000000000000e+00,0.000000000000000000e+00,5.503715276718139648e-01,0.000000000000000000e+00
9.931049346923828125e-01,1.693782687187194824e+00,1.469819784164428711e+00,2.377496004104614258e+00,0.000000000000000000e+00,0.000000000000000000e+00,5.749288797378540039e-01,4.339450597763061523e-01,0.000000000000000000e+00,0.000000000000000000e+00,5.728634595870971680e-01,0.000000000000000000e+00
1.143059611320495605e+00,3.667304515838623047e-01,1.175476908683776855e+00,9.282641410827636719e-01,0.000000000000000000e+00,0.000000000000000000e+00,1.647106528282165527e+00,1.196884393692016602e+00,0.000000000000000000e+00,0.000000000000000000e+00,1.498782634735107422e+00,0.000000000000000000e+00
1.363744735717773438e+00,5.706239938735961914e-01,1.147716522216796875e+00,7.460224628448486328e-01,0.000000000000000000e+00,0.000000000000000000e+00,1.514309406280517578e+00,1.072864651679992676e+00,0.000000000000000000e+00,0.000000000000000000e+00,1.115069031715393066e+00,0.000000000000000000e+00
1.201179742813110352e+00,8.745124340057373047e-01,1.825863122940063477e+00,1.112256526947021484e+00,0.000000000000000000e+00,0.000000000000000000e+00,1.366391420364379883e+00,8.210356235504150391e-01,0.000000000000000000e+00,0.000000000000000000e+00,9.979667663574218750e-01,0.000000000000000000e+00
1.217984676361083984e+00,9.555175304412841797e-01,9.668964743614196777e-01,1.414536476135253906e+00,0.000000000000000000e+00,0.000000000000000000e+00,1.163325905799865723e+00,8.850604295730590820e-01,0.000000000000000000e+00,0.000000000000000000e+00,1.244697451591491699e+00,0.000000000000000000e+00
1.094403505325317383e+00,4.586392641067504883e-01,1.362914562225341797e+00,5.666004419326782227e-01,0.000000000000000000e+00,0.000000000000000000e+00,1.609563350677490234e+00,8.294113278388977051e-01,0.000000000000000000e+00,0.000000000000000000e+00,1.162105441093444824e+00,0.000000000000000000e+00
6.250483989715576172e-01,8.685008287429809570e-01,1.626703739166259766e+00,1.346935749053955078e+00,0.000000000000000000e+00,0.000000000000000000e+00,1.170590758323669434e+00,8.065121173858642578e-01,0.000000000000000000e+00,0.000000000000000000e+00,9.693924188613891602e-01,0.000000000000000000e+00
7.807601094245910645e-01,1.356205821037292480e+00,1.501521587371826172e+00,2.048413991928100586e+00,0.000000000000000000e+00,0.000000000000000000e+00,9.242177605628967285e-01,6.630588769912719727e-01,0.000000000000000000e+00,0.000000000000000000e+00,8.239138126373291016e-01,0.000000000000000000e+00
6.849145293235778809e-01,1.629816174507141113e+00,1.726916074752807617e+00,2.457217931747436523e+00,0.000000000000000000e+00,0.000000000000000000e+00,7.675108909606933594e-01,5.524337291717529297e-01,0.000000000000000000e+00,0.000000000000000000e+00,7.267308235168457031e-01,0.000000000000000000e+00
4.372190833091735840e-01,2.063341140747070312e+00,1.784527301788330078e+00,3.064097642898559570e+00,0.000000000000000000e+00,0.000000000000000000e+00,4.316835999488830566e-01,3.299418389797210693e-01,0.000000000000000000e+00,0.000000000000000000e+00,6.217464804649353027e-01,0.000000000000000000e+00
0.000000000000000000e+00,8.410742282867431641e-01,1.323308825492858887e+00,1.571124315261840820e+00,0.000000000000000000e+00,0.000000000000000000e+00,1.119208812713623047e+00,7.912206649780273438e-01,0.000000000000000000e+00,0.000000000000000000e+00,1.135107636451721191e+00,0.000000000000000000e+00
8.186872005462646484e-01,1.371852278709411621e+00,1.398990631103515625e+00,2.143084287643432617e+00,0.000000000000000000e+00,0.000000000000000000e+00,9.085291624069213867e-01,6.674768328666687012e-01,0.000000000000000000e+00,0.000000000000000000e+00,8.929919004440307617e-01,0.000000000000000000e+00
5.642921924591064453e-01,1.347238898277282715e+00,1.997198104858398438e+00,2.078309059143066406e+00,0.000000000000000000e+00,0.000000000000000000e+00,2.647158205509185791e-01,3.087820410728454590e-01,0.000000000000000000e+00,0.000000000000000000e+00,7.917983531951904297e-01,0.000000000000000000e+00
7.177870869636535645e-01,1.823419928550720215e+00,8.038875460624694824e-01,2.712127923965454102e+00,0.000000000000000000e+00,0.000000000000000000e+00,1.345841765403747559e+00,7.450527548789978027e-01,0.000000000000000000e+00,0.000000000000000000e+00,1.381679654121398926e+00,0.000000000000000000e+00
1.101710081100463867e+00,9.370179176330566406e-01,1.339144706726074219e+00,1.401843070983886719e+00,0.000000000000000000e+00,0.000000000000000000e+00,1.186085462570190430e+00,8.888238668441772461e-01,0.000000000000000000e+00,0.000000000000000000e+00,1.018984436988830566e+00,0.000000000000000000e+00
1.729090332984924316e+00,1.061049461364746094e+00,1.471488714218139648e+00,1.069592833518981934e+00,0.000000000000000000e+00,0.000000000000000000e+00,7.624061107635498047e-01,3.323509097099304199e-01,0.000000000000000000e+00,0.000000000000000000e+00,2.919518351554870605e-01,0.000000000000000000e+00
1.079421520233154297e+00,1.633968949317932129e+00,1.514701604843139648e+00,2.339865446090698242e+00,0.000000000000000000e+00,0.000000000000000000e+00,5.725942254066467285e-01,4.311400055885314941e-01,0.000000000000000000e+00,0.000000000000000000e+00,5.311689972877502441e-01,0.000000000000000000e+00
1.085160493850708008e+00,4.238243103027343750e-01,1.128354549407958984e+00,8.854779005050659180e-01,0.000000000000000000e+00,0.000000000000000000e+00,1.608932375907897949e+00,1.191657781600952148e+00,0.000000000000000000e+00,0.000000000000000000e+00,1.428156733512878418e+00,0.000000000000000000e+00
1.517197728157043457e+00,4.155229330062866211e-01,1.201161623001098633e+00,5.940164327621459961e-01,0.000000000000000000e+00,0.000000000000000000e+00,1.492300987243652344e+00,1.046834230422973633e+00,0.000000000000000000e+00,0.000000000000000000e+00,1.141059994697570801e+00,0.000000000000000000e+00
1.330161690711975098e+00,7.270340919494628906e-01,1.630666017532348633e+00,8.846186399459838867e-01,0.000000000000000000e+00,0.000000000000000000e+00,1.313781976699829102e+00,7.825093269348144531e-01,0.000000000000000000e+00,0.000000000000000000e+00,9.557260274887084961e-01,0.000000000000000000e+00
1.396259903907775879e+00,7.326246500015258789e-01,1.086243867874145508e+00,1.075922608375549316e+00,0.000000000000000000e+00,0.000000000000000000e+00,1.623428940773010254e+00,1.122445464134216309e+00,0.000000000000000000e+00,0.000000000000000000e+00,1.303524017333984375e+00,0.000000000000000000e+00
1.321272134780883789e+00,3.666684627532958984e-01,1.698743343353271484e+00,9.477190971374511719e-01,0.000000000000000000e+00,0.000000000000000000e+00,9.390340447425842285e-01,9.638500213623046875e-01,0.000000000000000000e+00,0.000000000000000000e+00,8.701637983322143555e-01,0.000000000000000000e+00
1.029820919036865234e+00,8.986877202987670898e-01,1.726025819778442383e+00,1.667833328247070312e+00,0.000000000000000000e+00,0.000000000000000000e+00,7.966049313545227051e-01,6.820421218872070312e-01,0.000000000000000000e+00,0.000000000000000000e+00,8.149124383926391602e-01,0.000000000000000000e+00
7.897363901138305664e-01,1.334146618843078613e+00,1.415282368659973145e+00,2.071796417236328125e+00,0.000000000000000000e+00,0.000000000000000000e+00,8.841038942337036133e-01,6.473084688186645508e-01,0.000000000000000000e+00,0.000000000000000000e+00,8.737597465515136719e-01,0.000000000000000000e+00
7.653883099555969238e-01,1.501969933509826660e+00,1.646840572357177734e+00,2.246818065643310547e+00,0.000000000000000000e+00,0.000000000000000000e+00,8.548679947853088379e-01,6.228537559509277344e-01,0.000000000000000000e+00,0.000000000000000000e+00,7.887264490127563477e-01,0.000000000000000000e+00
5.521184206008911133e-01,1.953732848167419434e+00,1.863560676574707031e+00,2.876937866210937500e+00,0.000000000000000000e+00,0.000000000000000000e+00,5.785725712776184082e-01,4.054471552371978760e-01,0.000000000000000000e+00,0.000000000000000000e+00,6.491922140121459961e-01,0.000000000000000000e+00
7.072983980178833008e-01,1.386034607887268066e+00,6.223778724670410156e-01,2.878717660903930664e+00,0.000000000000000000e+00,0.000000000000000000e+00,6.144154071807861328e-01,7.053861618041992188e-01,0.000000000000000000e+00,0.000000000000000000e+00,9.123650789260864258e-01,0.000000000000000000e+00
1.460795164108276367e+00,1.221797347068786621e+00,1.605800628662109375e+00,2.048107147216796875e+00,0.000000000000000000e+00,0.000000000000000000e+00,1.414550781250000000e+00,1.267696142196655273e+00,0.000000000000000000e+00,0.000000000000000000e+00,1.049716711044311523e+00,0.000000000000000000e+00
7.615421414375305176e-01,1.376149773597717285e+00,1.913855075836181641e+00,2.478647232055664062e+00,0.000000000000000000e+00,0.000000000000000000e+00,4.656786620616912842e-01,6.296703815460205078e-01,0.000000000000000000e+00,0.000000000000000000e+00,4.709293544292449951e-01,0.000000000000000000e+00
1.243081092834472656e+00,9.856425523757934570e-01,1.572429656982421875e+00,2.039357900619506836e+00,0.000000000000000000e+00,0.000000000000000000e+00,1.400114655494689941e+00,1.016793966293334961e+00,0.000000000000000000e+00,0.000000000000000000e+00,1.739310741424560547e+00,0.000000000000000000e+00
1.380582213401794434e+00,8.084453344345092773e-01,1.189048528671264648e+00,1.334614038467407227e+00,0.000000000000000000e+00,0.000000000000000000e+00,1.209416389465332031e+00,9.987062811851501465e-01,0.000000000000000000e+00,0.000000000000000000e+00,9.620270729064941406e-01,0.000000000000000000e+00
1.451025843620300293e+00,1.330566525459289551e+00,2.110864877700805664e+00,1.561674356460571289e+00,0.000000000000000000e+00,0.000000000000000000e+00,8.776875734329223633e-01,2.963816523551940918e-01,0.000000000000000000e+00,0.000000000000000000e+00,7.195308208465576172e-01,0.000000000000000000e+00
1.143644452095031738e+00,1.635232329368591309e+00,1.388286709785461426e+00,2.275779247283935547e+00,0.000000000000000000e+00,0.000000000000000000e+00,5.324332118034362793e-01,4.746415317058563232e-01,0.000000000000000000e+00,0.000000000000000000e+00,4.515748620033264160e-01,0.000000000000000000e+00
1.341122031211853027e+00,3.276177644729614258e-01,1.347816467285156250e+00,7.674334049224853516e-01,0.000000000000000000e+00,0.000000000000000000e+00,1.545785188674926758e+00,1.063717842102050781e+00,0.000000000000000000e+00,0.000000000000000000e+00,1.420201301574707031e+00,0.000000000000000000e+00
1.211313486099243164e+00,5.692207813262939453e-01,1.337176561355590820e+00,6.627154350280761719e-01,0.000000000000000000e+00,0.000000000000000000e+00,1.343790531158447266e+00,8.578526973724365234e-01,0.000000000000000000e+00,0.000000000000000000e+00,1.008765578269958496e+00,0.000000000000000000e+00
1.132570862770080566e+00,5.682535171508789062e-01,1.390398859977722168e+00,8.851089477539062500e-01,0.000000000000000000e+00,0.000000000000000000e+00,1.336835622787475586e+00,1.101043105125427246e+00,0.000000000000000000e+00,0.000000000000000000e+00,9.214836359024047852e-01,0.000000000000000000e+00
1.003149628639221191e+00,2.733340263366699219e-01,1.268276572227478027e+00,6.999242305755615234e-01,0.000000000000000000e+00,0.000000000000000000e+00,1.581925392150878906e+00,8.282749652862548828e-01,0.000000000000000000e+00,0.000000000000000000e+00,1.361216187477111816e+00,0.000000000000000000e+00
8.630489110946655273e-01,7.933580875396728516e-01,1.353788375854492188e+00,1.077764868736267090e+00,0.000000000000000000e+00,0.000000000000000000e+00,8.800029754638671875e-01,5.847017168998718262e-01,0.000000000000000000e+00,0.000000000000000000e+00,7.782785892486572266e-01,0.000000000000000000e+00
8.562633991241455078e-01,1.307184338569641113e+00,1.488424062728881836e+00,1.910116672515869141e+00,0.000000000000000000e+00,0.000000000000000000e+00,9.522218704223632812e-01,6.607348918914794922e-01,0.000000000000000000e+00,0.000000000000000000e+00,8.017017841339111328e-01,0.000000000000000000e+00
8.071706891059875488e-01,1.404760241508483887e+00,1.491693258285522461e+00,2.100184679031372070e+00,0.000000000000000000e+00,0.000000000000000000e+00,8.636680841445922852e-01,6.095436811447143555e-01,0.000000000000000000e+00,0.000000000000000000e+00,8.586633205413818359e-01,0.000000000000000000e+00
6.908519864082336426e-01,1.359087347984313965e+00,1.492405414581298828e+00,2.121575593948364258e+00,0.000000000000000000e+00,0.000000000000000000e+00,8.458222746849060059e-01,5.990726947784423828e-01,0.000000000000000000e+00,0.000000000000000000e+00,7.925231456756591797e-01,0.000000000000000000e+00
6.069483160972595215e-01,1.702635169029235840e+00,1.774039030075073242e+00,2.581455945968627930e+00,0.000000000000000000e+00,0.000000000000000000e+00,7.119179964065551758e-01,5.240989923477172852e-01,0.000000000000000000e+00,0.000000000000000000e+00,6.621139049530029297e-01,0.000000000000000000e+00
9.040113091468811035e-01,2.050424575805664062e+00,1.022638320922851562e+00,2.895514249801635742e+00,0.000000000000000000e+00,0.000000000000000000e+00,3.605570197105407715e-01,1.432113647460937500e-01,0.000000000000000000e+00,0.000000000000000000e+00,8.246517181396484375e-01,0.000000000000000000e+00
1.091740608215332031e+00,9.587330818176269531e-01,1.417763471603393555e+00,1.294039011001586914e+00,0.000000000000000000e+00,0.000000000000000000e+00,9.981925487518310547e-01,6.361822485923767090e-01,0.000000000000000000e+00,0.000000000000000000e+00,1.141020894050598145e+00,0.000000000000000000e+00
1.330698728561401367e+00,1.196738719940185547e+00,1.133811354637145996e+00,1.981218814849853516e+00,0.000000000000000000e+00,0.000000000000000000e+00,1.427040815353393555e+00,5.724717378616333008e-01,0.000000000000000000e+00,0.000000000000000000e+00,9.121558666229248047e-01,0.000000000000000000e+00
1.011567115783691406e+00,8.922733068466186523e-01,1.353426933288574219e+00,9.738681316375732422e-01,0.000000000000000000e+00,0.000000000000000000e+00,1.411811828613281250e+00,6.309421062469482422e-01,0.000000000000000000e+00,0.000000000000000000e+00,9.542554616928100586e-01,0.000000000000000000e+00
1.149275302886962891e+00,9.983360767364501953e-01,1.129492759704589844e+00,1.160709857940673828e+00,0.000000000000000000e+00,0.000000000000000000e+00,1.645157575607299805e+00,9.086394309997558594e-01,0.000000000000000000e+00,0.000000000000000000e+00,1.262555241584777832e+00,0.000000000000000000e+00
